﻿<br.seploc.util.BairrosRecife>
	<bairro class="java.util.Arrays$ArrayList">
		<a class="string-array">
			<string>
				Aflitos
</string>
			<string>
				Afogados
</string>
			<string>
				Água Fria
</string>
			<string>
				Alto do Mandu
</string>
			<string>
				Alto José Bonifácio
</string>
			<string>
				Alto José do Pinho
</string>
			<string>
				Alto Santa Teresinha
</string>
			<string>
				Apipucos
</string>
			<string>
				Areias
</string>
			<string>
				Arruda
</string>
			<string>
				Alto do Céu
</string>
			<string>
				Alto do Deodato
</string>
			<string>
				Alto do Pascoal
</string>
			<string>
				Alto Santa Isabel
</string>
			<string>
				Barro
</string>
			<string>
				Beberibe
</string>
			<string>
				Boa Viagem
</string>
			<string>
				Boa Vista
</string>
			<string>
				Bomba do Hemetério
</string>
			<string>
				Bongi
</string>
			<string>
				Brasília Teimosa
</string>
			<string>
				Brejo da Guabiraba
</string>
			<string>
				Brejo de Beberibe
</string>
			<string>
				Barreira do Rosarinho
</string>
			<string>
				Beira Rio
</string>
			<string>
				Benfica
</string>
			<string>
				Bomba Grande
</string>
			<string>
				Cabanga
</string>
			<string>
				Caçote
</string>
			<string>
				Cajueiro
</string>
			<string>
				Campina do Barreto
</string>
			<string>
				Campo Grande
</string>
			<string>
				Casa Amarela
</string>
			<string>
				Casa Forte
</string>
			<string>
				Caxangá
</string>
			<string>
				Cidade Universitária
</string>
			<string>
				Cohab
</string>
			<string>
				Coelhos
</string>
			<string>
				Coqueiral
</string>
			<string>
				Cordeiro
</string>
			<string>
				Córrego do Jenipapo
</string>
			<string>
				Curado
</string>
			<string>
				Capunga
</string>
			<string>
				Coque 
</string>
			<string>
				Derby
</string>
			<string>
				Dois Irmãos
</string>
			<string>
				Dois Unidos
</string>
			<string>
				Encruzilhada
</string>
			<string>
				Engenho do Meio
</string>
			<string>
				Espinheiro
</string>
			<string>
				Estância
</string>
			<string>
				Fundão
</string>
		</a>
	</bairro>
</br.seploc.util.BairrosRecife>
