DELETE FROM TBL_GRUPOMENU;
DELETE FROM TBL_MENU;
DELETE FROM TBL_GRUPO;

INSERT INTO `tbl_menu` (`intMenu`, `vcrMenu`, `vcrAcao`, `intMenupai`, `chrHabilitado`, `intNivelX`, `intNivelY`, `tspVersao`) VALUES
(1,  'SEPLOC',           'Seploc',                   NULL, 'S', 1, 0, CURRENT_TIMESTAMP),
(2,  'ATENDIMENTO',      'Requisicao',               NULL, 'S', 2, 0, CURRENT_TIMESTAMP),
(3,  'CADASTROS',        'Cadastros',                NULL, 'S', 3, 0, CURRENT_TIMESTAMP),
(4,  'RELATORIOS',       'Relatorios',               NULL, 'S', 4, 0, CURRENT_TIMESTAMP),
(5,  'ACESSO_SISTEMA',   'Acesso Sistema',           NULL, 'S', 5, 0, CURRENT_TIMESTAMP),
(6,  'PAPEL',            'Papel',                    3,    'S', 0, 1, CURRENT_TIMESTAMP),
(7,  'OPCIONAL',         'Opcional',                 3,    'S', 0, 2, CURRENT_TIMESTAMP),
(8,  'ENTREGA',          'Entrega',                  3,    'S', 0, 3, CURRENT_TIMESTAMP),
(9,  'COBRADOR',         'Motoqueiro',               3,    'S', 0, 4, CURRENT_TIMESTAMP),
(10, 'USUARIO',          'Usuario',                  3,    'S', 0, 5, CURRENT_TIMESTAMP),
(11, 'CLIENTE',          'Cliente',                  3,    'S', 0, 6, CURRENT_TIMESTAMP),
(12, 'PROJETO',          'Projeto',                  3,    'S', 0, 7, CURRENT_TIMESTAMP),
(13, 'MENU',             'Menu',                     3,    'N', 0, 8, CURRENT_TIMESTAMP),
(14, 'SAIR',             'Sair',                     1,    'S', 0, 1, CURRENT_TIMESTAMP),
(15, 'GRUPO',            'Grupo',                    1,    'N', 0, 2, CURRENT_TIMESTAMP),
(16, 'PARAMETROS',       'Parametros',               1,    'S', 0, 3, CURRENT_TIMESTAMP),
(17, 'BALCAO',           'Cliente Balcao',           2,    'S', 0, 1, CURRENT_TIMESTAMP),
(18, 'REQ_CLIENTE',      'Cliente Cadastrado',       2,    'S', 0, 2, CURRENT_TIMESTAMP),
(19, 'REQUISICOES',      'Listar Requisicoes',       2,    'S', 0, 3, CURRENT_TIMESTAMP),
(20, 'SAIDA_REQ',        'Listar Requisicoes Saida', 2,    'S', 0, 4, CURRENT_TIMESTAMP),
(21, 'REL_CLIENTE',      'Cliente por Periodo',      4,    'S', 0, 1, CURRENT_TIMESTAMP),
(22, 'ASSOCIAR_USUARIO', 'Associar Usuario',         5,    'S', 0, 1, CURRENT_TIMESTAMP),
(23, 'GRUPO_ACESSO',     'Acessos Grupo',            5,    'S', 0, 2, CURRENT_TIMESTAMP),
(24, 'REL_COBRADOR',     'Motoqueiro por Periodo',   4,    'S', 0, 2, CURRENT_TIMESTAMP),
(25, 'REL_PLOTADOR',     'Plotador por Periodo',     4,    'S', 0, 3, CURRENT_TIMESTAMP),
(26, 'REL_PRODUCAO',     'Producao Requisicao',      4,    'S', 0, 4, CURRENT_TIMESTAMP);
-- tbl_grupo
INSERT INTO tbl_grupo (intGrupo,vcrGrupo)  VALUES
(1,'SISTEMA'),
(2,'GESTOR'),
(3,'ATENDIMENTO'),
(4,'FINANCEIRO'),
(5,'GRUPO5'),
(6,'GRUPO6');

-- tbl_grupomenu
INSERT INTO `tbl_grupomenu` (`intGrupo`, `intMenu`, `chrEscrita`, `chrVisivel`) VALUES
(1, 1, 'S', 'S'),
(1, 2, 'S', 'S'),
(1, 3, 'S', 'S'),
(1, 4, 'S', 'S'),
(1, 5, 'S', 'S'),
(1, 6, 'S', 'S'),
(1, 7, 'S', 'S'),
(1, 8, 'S', 'S'),
(1, 9, 'S', 'S'),
(1, 10, 'S', 'S'),
(1, 11, 'S', 'S'),
(1, 12, 'S', 'S'),
(1, 13, 'S', 'S'),
(1, 14, 'S', 'S'),
(1, 15, 'S', 'S'),
(1, 16, 'S', 'S'),
(1, 17, 'S', 'S'),
(1, 18, 'S', 'S'),
(1, 19, 'S', 'S'),
(1, 20, 'S', 'S'),
(1, 21, 'S', 'S'),
(1, 22, 'S', 'S'),
(1, 23, 'S', 'S'),
(1, 24, 'S', 'S'),
(1, 25, 'S', 'S'),
(1, 26, 'S', 'S'),
(1, 27, 'S', 'S'),
(2, 1, 'S', 'S'),
(2, 2, 'S', 'S'),
(2, 3, 'S', 'S'),
(2, 4, 'S', 'S'),
(2, 5, 'S', 'S'),
(2, 6, 'S', 'S'),
(2, 7, 'S', 'S'),
(2, 8, 'S', 'S'),
(2, 9, 'S', 'S'),
(2, 10, 'S', 'S'),
(2, 11, 'S', 'S'),
(2, 12, 'S', 'S'),
(2, 13, 'S', 'S'),
(2, 14, 'S', 'S'),
(2, 15, 'S', 'S'),
(2, 16, 'S', 'S'),
(2, 17, 'S', 'S'),
(2, 18, 'S', 'S'),
(2, 19, 'S', 'S'),
(2, 20, 'S', 'S'),
(2, 21, 'S', 'S'),
(2, 22, 'S', 'S'),
(2, 23, 'S', 'S'),
(2, 24, 'S', 'S'),
(2, 25, 'S', 'S'),
(2, 26, 'S', 'S'),
(2, 27, 'S', 'S'),
(3, 1, 'N', 'S'),
(3, 2, 'N', 'S'),
(3, 3, 'N', 'N'),
(3, 4, 'N', 'N'),
(3, 5, 'N', 'N'),
(3, 6, 'N', 'N'),
(3, 7, 'N', 'N'),
(3, 8, 'N', 'N'),
(3, 9, 'N', 'N'),
(3, 10, 'N', 'N'),
(3, 11, 'N', 'N'),
(3, 12, 'N', 'N'),
(3, 13, 'N', 'S'),
(3, 14, 'N', 'N'),
(3, 15, 'N', 'N'),
(3, 16, 'N', 'N'),
(3, 17, 'N', 'S'),
(3, 18, 'N', 'S'),
(3, 19, 'N', 'S'),
(3, 20, 'N', 'N'),
(3, 21, 'N', 'N'),
(3, 22, 'N', 'N'),
(3, 23, 'N', 'N'),
(3, 24, 'N', 'N'),
(3, 25, 'N', 'N'),
(3, 26, 'N', 'N'),
(3, 27, 'N', 'N'),
(4, 1, 'N', 'S'),
(4, 2, 'N', 'S'),
(4, 3, 'N', 'N'),
(4, 4, 'N', 'S'),
(4, 5, 'N', 'N'),
(4, 6, 'N', 'N'),
(4, 7, 'N', 'N'),
(4, 8, 'N', 'N'),
(4, 9, 'N', 'N'),
(4, 10, 'N', 'N'),
(4, 11, 'N', 'N'),
(4, 12, 'N', 'N'),
(4, 13, 'N', 'N'),
(4, 14, 'N', 'N'),
(4, 15, 'N', 'N'),
(4, 16, 'N', 'N'),
(4, 17, 'N', 'N'),
(4, 18, 'N', 'N'),
(4, 19, 'N', 'S'),
(4, 20, 'N', 'S'),
(4, 21, 'N', 'N'),
(4, 22, 'N', 'N'),
(4, 23, 'N', 'N'),
(4, 24, 'N', 'N'),
(4, 25, 'N', 'N'),
(4, 26, 'N', 'N'),
(4, 27, 'N', 'N'),
(5, 1, 'N', 'N'),
(5, 2, 'N', 'N'),
(5, 3, 'N', 'N'),
(5, 4, 'N', 'N'),
(5, 5, 'N', 'N'),
(5, 6, 'N', 'N'),
(5, 7, 'N', 'N'),
(5, 8, 'N', 'N'),
(5, 9, 'N', 'N'),
(5, 10, 'N', 'N'),
(5, 11, 'N', 'N'),
(5, 12, 'N', 'N'),
(5, 13, 'N', 'N'),
(5, 14, 'N', 'N'),
(5, 15, 'N', 'N'),
(5, 16, 'N', 'N'),
(5, 17, 'N', 'N'),
(5, 18, 'N', 'N'),
(5, 19, 'N', 'N'),
(5, 20, 'N', 'N'),
(5, 21, 'N', 'N'),
(5, 22, 'N', 'N'),
(5, 23, 'N', 'N'),
(5, 24, 'N', 'N'),
(5, 25, 'N', 'N'),
(5, 26, 'N', 'N'),
(5, 27, 'N', 'N'),
(6, 1, 'N', 'N'),
(6, 2, 'N', 'N'),
(6, 3, 'N', 'N'),
(6, 4, 'N', 'N'),
(6, 5, 'N', 'N'),
(6, 6, 'N', 'N'),
(6, 7, 'N', 'N'),
(6, 8, 'N', 'N'),
(6, 9, 'N', 'N'),
(6, 10, 'N', 'N'),
(6, 11, 'N', 'N'),
(6, 12, 'N', 'N'),
(6, 13, 'N', 'N'),
(6, 14, 'N', 'N'),
(6, 15, 'N', 'N'),
(6, 16, 'N', 'N'),
(6, 17, 'N', 'N'),
(6, 18, 'N', 'N'),
(6, 19, 'N', 'N'),
(6, 20, 'N', 'N'),
(6, 21, 'N', 'N'),
(6, 22, 'N', 'N'),
(6, 23, 'N', 'N'),
(6, 24, 'N', 'N'),
(6, 25, 'N', 'N'),
(6, 26, 'N', 'N'),
(6, 27, 'N', 'N');
